dataset,estimator,cost_type,n_samples,method,validity,cost,plausibility,sparsity,time,time per samples
FICO,XGBoost,std,20,FT,1.0,1.5314192551567458,0.452228730988098,1.6,0.1408019065856933,0.0070400953292846
FICO,XGBoost,std,20,OAE,1.0,17.397363740984144,0.4904385505680599,11.000000000000002,3403.4545290470123,170.17272645235062
FICO,XGBoost,std,20,FOCUS (0.001),1.0,9.764436003938318,0.486362397874055,15.45,229.4222240447998,11.47111120223999
FICO,XGBoost,std,20,FOCUS (0.01),1.0,8.127516581863166,0.481529607348203,13.999999999999998,228.1233389377594,11.40616694688797
FICO,XGBoost,std,20,FOCUS (0.1),1.0,2.7015871023759246,0.469912211587747,8.15,230.38410019874573,11.519205009937286
FICO,XGBoost,std,20,FT++,1.0,1.3020585509452072,0.4605949286167068,1.5499999999999998,1.6220407485961914,0.0811020374298095
FICO,XGBoost,std,20,FT,1.0,1.5754360723161882,0.4485262880205202,1.5499999999999998,0.1584508419036865,0.0079225420951843
FICO,XGBoost,std,20,OAE,1.0,22.85044392635252,0.4955840506155756,14.0,3665.4816629886623,183.27408314943312
FICO,XGBoost,std,20,FOCUS (0.001),1.0,10.563581863464789,0.4845033737572951,16.05,223.76723504066467,11.188361752033234
FICO,XGBoost,std,20,FOCUS (0.01),1.0,8.771522168209776,0.4728617950668971,14.55,223.53986191749573,11.176993095874789
FICO,XGBoost,std,20,FOCUS (0.1),0.9,3.046506116994553,0.4566505330788167,8.555555555555555,224.3704059123993,11.218520295619964
FICO,XGBoost,std,20,FT++,1.0,1.510656993526212,0.4493752755756252,1.6,1.438857078552246,0.0719428539276123
FICO,XGBoost,std,20,FT,0.95,1.6329487920911887,0.452461038832961,1.7368421052631575,0.1755499839782714,0.0087774991989135
FICO,XGBoost,std,20,OAE,1.0,19.613545277631584,0.4744227722003102,12.05,3592.32820725441,179.6164103627205
FICO,XGBoost,std,20,FOCUS (0.001),1.0,12.768790815304964,0.5033435089485209,16.849999999999998,243.4154601097107,12.170773005485534
FICO,XGBoost,std,20,FOCUS (0.01),1.0,10.133613183302804,0.4756370562793558,15.3,243.65303421020508,12.182651710510251
FICO,XGBoost,std,20,FOCUS (0.1),0.85,3.201581847251338,0.4434726351243696,10.0,245.106703042984,12.2553351521492
FICO,XGBoost,std,20,FT++,1.0,1.5945945527697285,0.4539504090014278,1.95,1.444414138793945,0.0722207069396972
FICO,XGBoost,std,20,FT,1.0,1.7494889468363692,0.4466967358762159,2.0,0.1670629978179931,0.0083531498908996
FICO,XGBoost,std,20,OAE,1.0,16.380435761631322,0.488468711917116,11.55,3573.9517250061035,178.69758625030516
FICO,XGBoost,std,20,FOCUS (0.001),1.0,11.068950043991208,0.4963674817077738,16.1,240.25272274017337,12.012636137008666
FICO,XGBoost,std,20,FOCUS (0.01),1.0,9.104375706100836,0.4755382892429952,14.95,237.2535810470581,11.862679052352906
FICO,XGBoost,std,20,FOCUS (0.1),1.0,2.7437590554822235,0.4422302186289613,9.1,235.64566802978516,11.782283401489256
FICO,XGBoost,std,20,FT++,1.0,1.5363081616240335,0.4418902350244392,1.85,1.5445771217346191,0.0772288560867309
FICO,XGBoost,std,20,FT,1.0,1.2521265186955175,0.4418464063038325,1.4500000000000002,0.1589429378509521,0.0079471468925476
FICO,XGBoost,std,20,OAE,1.0,13.917482378503426,0.4766890930883467,9.3,3733.7812099456783,186.68906049728395
FICO,XGBoost,std,20,FOCUS (0.001),1.0,10.54771868661046,0.4823206968948432,16.05,222.3921902179718,11.11960951089859
FICO,XGBoost,std,20,FOCUS (0.01),1.0,8.154544744733721,0.4693518952455066,14.35,221.37545704841617,11.068772852420809
FICO,XGBoost,std,20,FOCUS (0.1),1.0,2.5569944201037287,0.4361588258401968,8.649999999999999,221.56955695152283,11.078477847576142
FICO,XGBoost,std,20,FT++,1.0,1.2316724351642634,0.4460531433818216,1.45,1.3157799243927002,0.065788996219635
Credit,XGBoost,std,20,FT,1.0,0.7497279596833589,0.4988764471094599,1.1,0.16510009765625,0.0082550048828125
Credit,XGBoost,std,20,OAE,1.0,3.95467850281682,0.5416908281900228,3.4000000000000004,3111.455722808838,155.5727861404419
Credit,XGBoost,std,20,FOCUS (0.001),1.0,9.014608426112682,0.5452709359516843,7.600000000000001,224.03398084640503,11.201699042320252
Credit,XGBoost,std,20,FOCUS (0.01),1.0,6.465666291106027,0.5204967875906722,6.55,223.8012821674347,11.190064108371734
Credit,XGBoost,std,20,FOCUS (0.1),0.9,1.5649518486461602,0.4905250714528777,3.5,223.8581898212433,11.192909491062164
Credit,XGBoost,std,20,FT++,1.0,0.7338326277616944,0.5000560518821335,1.1,1.024346113204956,0.0512173056602478
Credit,XGBoost,std,20,FT,1.0,0.7915709366890937,0.5052854197766439,1.05,0.1739468574523925,0.0086973428726196
Credit,XGBoost,std,20,OAE,1.0,4.195782560008764,0.5393163706199421,4.2,3554.2999629974365,177.71499814987183
Credit,XGBoost,std,20,FOCUS (0.001),1.0,8.18206179552799,0.521675897652247,7.5,250.21521925926208,12.510760962963104
Credit,XGBoost,std,20,FOCUS (0.01),1.0,5.997040396640659,0.5227422488200695,6.15,252.0180208683014,12.60090104341507
Credit,XGBoost,std,20,FOCUS (0.1),0.95,1.4507172012680185,0.4887753640538435,3.157894736842105,249.5394570827484,12.47697285413742
Credit,XGBoost,std,20,FT++,1.0,0.7850283396809564,0.5026181189747595,1.1,1.1599862575531006,0.057999312877655
Credit,XGBoost,std,20,FT,1.0,0.7585487635891897,0.4914342735801488,1.1,0.191788911819458,0.0095894455909729
Credit,XGBoost,std,20,OAE,1.0,4.192414906736468,0.5016527033770407,4.750000000000001,3554.504878759384,177.7252439379692
Credit,XGBoost,std,20,FOCUS (0.001),1.0,8.372689073969378,0.5226731040278147,7.2,261.54675793647766,13.077337896823884
Credit,XGBoost,std,20,FOCUS (0.01),1.0,6.945976531626366,0.5253145739455289,6.2,260.543842792511,13.02719213962555
Credit,XGBoost,std,20,FOCUS (0.1),0.95,2.2719090622742537,0.4841187072609805,3.578947368421052,258.6166100502014,12.930830502510071
Credit,XGBoost,std,20,FT++,1.0,0.7585487635891897,0.5005474179635626,1.1,1.1247050762176514,0.0562352538108825
Credit,XGBoost,std,20,FT,1.0,0.8697544455336026,0.5021610357009758,1.1500000000000004,0.1571829319000244,0.0078591465950012
Credit,XGBoost,std,20,OAE,1.0,4.9420134961840505,0.5409515158888968,4.45,3593.1257541179657,179.65628770589828
Credit,XGBoost,std,20,FOCUS (0.001),1.0,7.615238292524009,0.52575883836343,7.449999999999999,243.37184309959412,12.168592154979706
Credit,XGBoost,std,20,FOCUS (0.01),1.0,5.461915367374604,0.5246430859225792,6.2,239.4471309185028,11.97235654592514
Credit,XGBoost,std,20,FOCUS (0.1),0.85,2.0115661846716915,0.4950237442694006,3.647058823529412,241.39794206619263,12.069897103309632
Credit,XGBoost,std,20,FT++,1.0,0.8645601560514761,0.4971900408604844,1.2000000000000002,1.1153180599212646,0.0557659029960632
Credit,XGBoost,std,20,FT,1.0,0.7976105197208929,0.5162662295619965,1.1,0.2101650238037109,0.0105082511901855
Credit,XGBoost,std,20,OAE,1.0,3.8211906931872415,0.5335882246012011,3.7,3204.1387560367584,160.2069378018379
Credit,XGBoost,std,20,FOCUS (0.001),1.0,8.569888697801797,0.5360890904976517,7.5,246.12530899047852,12.306265449523924
Credit,XGBoost,std,20,FOCUS (0.01),1.0,6.0661803176612015,0.5345583507164087,5.95,246.45443296432495,12.322721648216248
Credit,XGBoost,std,20,FOCUS (0.1),0.95,2.0022437938896473,0.5096165507501704,3.578947368421052,245.21298789978027,12.260649394989011
Credit,XGBoost,std,20,FT++,1.0,0.7942804422342179,0.5149299975426265,1.1,1.1367990970611572,0.0568399548530578
German,XGBoost,std,20,FT,1.0,0.3630427150332164,0.5063322301412477,1.0,0.1146481037139892,0.0057324051856994
German,XGBoost,std,20,OAE,1.0,0.248840858914476,0.5032246591391494,1.2,292.1916010379791,14.609580051898956
German,XGBoost,std,20,FOCUS (0.001),1.0,5.290220320710796,0.5852997275004108,5.35,120.20534110069276,6.010267055034637
German,XGBoost,std,20,FOCUS (0.01),1.0,3.3436682038634897,0.5486787181795828,3.7,120.65819215774536,6.032909607887268
German,XGBoost,std,20,FOCUS (0.1),0.7,1.3485212837113068,0.5246762334892416,1.9285714285714284,120.69714117050172,6.034857058525086
German,XGBoost,std,20,FT++,1.0,0.3630427150332164,0.508599557763352,1.0,0.4659593105316162,0.0232979655265808
German,XGBoost,std,20,FT,1.0,0.5054339894992637,0.4930789437500846,1.2000000000000002,0.1278343200683593,0.0063917160034179
German,XGBoost,std,20,OAE,1.0,0.2509282816765676,0.4935700535189941,1.2000000000000002,309.7184958457947,15.485924792289731
German,XGBoost,std,20,FOCUS (0.001),1.0,6.45672116325004,0.5484726744740323,6.1000000000000005,118.20728588104248,5.910364294052124
German,XGBoost,std,20,FOCUS (0.01),1.0,3.0481878772116033,0.4954189696886377,3.85,118.57327103614809,5.928663551807404
German,XGBoost,std,20,FOCUS (0.1),0.7,1.0968651919621542,0.5098492594922966,2.071428571428571,118.83930897712708,5.941965448856354
German,XGBoost,std,20,FT++,1.0,0.4838102190938105,0.4944988067052597,1.2,0.4543790817260742,0.0227189540863037
German,XGBoost,std,20,FT,1.0,0.6178027924565466,0.5349387095865177,1.2,0.1493339538574218,0.007466697692871
German,XGBoost,std,20,OAE,1.0,0.3748573717905802,0.5259577862785243,1.3,844.1744718551636,42.208723592758176
German,XGBoost,std,20,FOCUS (0.001),0.95,5.484693033853546,0.5771375382930151,5.842105263157894,126.81016206741332,6.3405081033706665
German,XGBoost,std,20,FOCUS (0.01),0.95,3.22895226709079,0.5422064989695604,4.052631578947368,125.88328504562378,6.294164252281189
German,XGBoost,std,20,FOCUS (0.1),0.75,0.9755066440751156,0.5076016992142037,2.0666666666666664,126.67302107810974,6.333651053905487
German,XGBoost,std,20,FT++,1.0,0.5949103386938365,0.5331403848468211,1.2,0.4862236976623535,0.0243111848831176
German,XGBoost,std,20,FT,1.0,0.4232244019328181,0.5072012159524761,1.0,0.1256220340728759,0.0062811017036437
German,XGBoost,std,20,OAE,1.0,0.2085416680610171,0.4991475303976462,1.1,558.3817226886749,27.919086134433748
German,XGBoost,std,20,FOCUS (0.001),0.95,5.963627159837511,0.544235418084505,5.63157894736842,114.30911993980408,5.715455996990204
German,XGBoost,std,20,FOCUS (0.01),0.95,4.14869269164659,0.5244598402668701,4.2105263157894735,114.28201794624329,5.714100897312164
German,XGBoost,std,20,FOCUS (0.1),0.75,1.2078109240547443,0.4992012133275665,2.266666666666667,115.00084519386292,5.750042259693146
German,XGBoost,std,20,FT++,1.0,0.4232244019328181,0.5025467467601892,1.0,0.4198620319366455,0.0209931015968322
German,XGBoost,std,20,FT,1.0,0.3889096025058502,0.4940438499464608,1.05,0.1349198818206787,0.0067459940910339
German,XGBoost,std,20,OAE,1.0,0.0999160410446317,0.4958182278569949,1.1,224.6034150123596,11.23017075061798
German,XGBoost,std,20,FOCUS (0.001),1.0,5.430834806701751,0.5569488837340002,6.3,118.38072276115416,5.919036138057709
German,XGBoost,std,20,FOCUS (0.01),1.0,3.0118980666040445,0.5084358876506583,4.1,118.851646900177,5.94258234500885
German,XGBoost,std,20,FOCUS (0.1),0.85,0.9876393508816632,0.4972131777093626,2.235294117647059,118.5712571144104,5.92856285572052
German,XGBoost,std,20,FT++,1.0,0.3889096025058502,0.4924332206986729,1.05,0.4462289810180664,0.0223114490509033
COMPAS,XGBoost,std,20,FT,1.0,0.532208285637146,0.4436827949778745,1.05,0.1976361274719238,0.0098818063735961
COMPAS,XGBoost,std,20,OAE,1.0,0.4063464935880791,0.4378085867566817,1.25,102.32134795188904,5.116067397594452
COMPAS,XGBoost,std,20,FOCUS (0.001),1.0,5.256823155283928,0.4804900920240384,3.2,152.91445398330688,7.645722699165344
COMPAS,XGBoost,std,20,FOCUS (0.01),1.0,4.05682989358902,0.476630856884556,2.75,152.89856886863708,7.644928443431854
COMPAS,XGBoost,std,20,FOCUS (0.1),0.9,0.9448315194911427,0.4437287536216425,1.6666666666666667,153.62275505065918,7.681137752532959
COMPAS,XGBoost,std,20,FT++,1.0,0.532208285637146,0.4383445482266517,1.05,0.5632021427154541,0.0281601071357727
COMPAS,XGBoost,std,20,FT,1.0,0.5122258557037532,0.4527560658702895,1.1,0.1699140071868896,0.0084957003593444
COMPAS,XGBoost,std,20,OAE,1.0,0.3929324415477512,0.4591174897755731,1.3,103.46224617958067,5.173112308979034
COMPAS,XGBoost,std,20,FOCUS (0.001),0.95,10.913356156725632,0.5512237574727941,3.6842105263157894,151.05585479736328,7.552792739868164
COMPAS,XGBoost,std,20,FOCUS (0.01),0.95,7.652246647759488,0.5302593201958041,3.3157894736842106,151.3740828037262,7.56870414018631
COMPAS,XGBoost,std,20,FOCUS (0.1),0.9,1.3440158267815907,0.4500571907599606,1.8888888888888888,151.1254642009735,7.556273210048675
COMPAS,XGBoost,std,20,FT++,1.0,0.5122258557037532,0.461011773207614,1.1,0.6358590126037598,0.0317929506301879
COMPAS,XGBoost,std,20,FT,1.0,0.7064560582856563,0.4700251360903905,1.15,0.150933027267456,0.0075466513633728
COMPAS,XGBoost,std,20,OAE,1.0,0.5287964254421251,0.4732208919880595,1.25,93.00274300575256,4.6501371502876285
COMPAS,XGBoost,std,20,FOCUS (0.001),0.95,8.450000437858858,0.5407728696567458,4.052631578947368,141.95862579345703,7.097931289672852
COMPAS,XGBoost,std,20,FOCUS (0.01),0.95,3.572306425555756,0.4990463564997272,2.9473684210526314,142.4682240486145,7.1234112024307255
COMPAS,XGBoost,std,20,FOCUS (0.1),0.9,1.3535426697797246,0.4536566246217929,2.0555555555555554,142.19100999832153,7.109550499916077
COMPAS,XGBoost,std,20,FT++,1.0,0.7064560582856563,0.4740816154020673,1.15,0.5705599784851074,0.0285279989242553
COMPAS,XGBoost,std,20,FT,1.0,0.5887596624725424,0.4508815869510184,1.15,0.1761960983276367,0.0088098049163818
COMPAS,XGBoost,std,20,OAE,1.0,0.3927328909290309,0.4519482025240094,1.25,98.43505668640135,4.921752834320069
COMPAS,XGBoost,std,20,FOCUS (0.001),1.0,14.1105732396245,0.6030597649955102,4.1,160.05063605308533,8.002531802654266
COMPAS,XGBoost,std,20,FOCUS (0.01),1.0,8.253437949717044,0.5675868118890974,3.4,161.18996000289917,8.05949800014496
COMPAS,XGBoost,std,20,FOCUS (0.1),0.95,0.9501185958322724,0.4497848976507182,1.5789473684210524,161.53255987167358,8.07662799358368
COMPAS,XGBoost,std,20,FT++,1.0,0.5837214054549003,0.4587427587145313,1.2,0.6848359107971191,0.0342417955398559
COMPAS,XGBoost,std,20,FT,1.0,0.5610112738959612,0.458440822219569,1.05,0.1686301231384277,0.0084315061569213
COMPAS,XGBoost,std,20,OAE,1.0,0.3374077806119611,0.4595875981506882,1.25,102.75235104560852,5.137617552280426
COMPAS,XGBoost,std,20,FOCUS (0.001),0.95,12.953721833856482,0.5994958244257432,3.894736842105263,158.74358081817627,7.937179040908814
COMPAS,XGBoost,std,20,FOCUS (0.01),0.95,8.70207320545849,0.5697010814690596,3.263157894736842,159.30403566360474,7.965201783180237
COMPAS,XGBoost,std,20,FOCUS (0.1),0.95,1.6962834149599075,0.456991734620597,1.7368421052631575,158.42451000213623,7.921225500106812
COMPAS,XGBoost,std,20,FT++,1.0,0.5070403500133491,0.4556497624207806,1.15,0.6619141101837158,0.0330957055091857
Bail,XGBoost,std,20,FT,1.0,0.603695933652891,0.4951315806217787,1.2000000000000002,0.192789077758789,0.0096394538879394
Bail,XGBoost,std,20,OAE,1.0,0.3005470123965849,0.4935515899718133,1.65,1010.3996968269348,50.51998484134674
Bail,XGBoost,std,20,FOCUS (0.001),1.0,6.361725887842477,0.596068169124093,8.6,238.9853367805481,11.949266839027404
Bail,XGBoost,std,20,FOCUS (0.01),1.0,5.09792423453182,0.5724219019335643,7.05,239.27542805671692,11.963771402835846
Bail,XGBoost,std,20,FOCUS (0.1),1.0,2.203855097666383,0.5241934432415365,3.55,240.3835310935974,12.01917655467987
Bail,XGBoost,std,20,FT++,1.0,0.603695933652891,0.4935165869066337,1.2000000000000002,1.2950811386108398,0.064754056930542
Bail,XGBoost,std,20,FT,1.0,0.6982534589026258,0.4974452638979779,1.2,0.2217817306518554,0.0110890865325927
Bail,XGBoost,std,20,OAE,1.0,0.4006861233701285,0.4957907030874559,1.6,1242.7183890342712,62.13591945171356
Bail,XGBoost,std,20,FOCUS (0.001),1.0,6.145920233428479,0.5899520780904581,9.1,249.2114279270172,12.46057139635086
Bail,XGBoost,std,20,FOCUS (0.01),1.0,4.875959618762136,0.5750696351180604,7.45,250.05730199813843,12.502865099906922
Bail,XGBoost,std,20,FOCUS (0.1),1.0,2.1516128621995447,0.5163368347383182,3.3500000000000005,250.1661341190338,12.508306705951693
Bail,XGBoost,std,20,FT++,1.0,0.6982534589026258,0.4992795529774255,1.2,1.2152178287506104,0.0607608914375305
Bail,XGBoost,std,20,FT,1.0,0.8886897782056096,0.4979696983111738,1.4,0.1904768943786621,0.0095238447189331
Bail,XGBoost,std,20,OAE,1.0,0.4422960981646948,0.4869310270079425,1.75,1085.2619857788086,54.26309928894043
Bail,XGBoost,std,20,FOCUS (0.001),1.0,6.515596920251847,0.5999946840552848,8.95,222.32949090003967,11.116474545001983
Bail,XGBoost,std,20,FOCUS (0.01),1.0,5.7079189021140335,0.5901108189643061,7.4,222.8895387649536,11.14447693824768
Bail,XGBoost,std,20,FOCUS (0.1),1.0,2.6011837830767037,0.5275668223568232,3.9,222.80848908424375,11.140424454212187
Bail,XGBoost,std,20,FT++,1.0,0.8090595706453405,0.4993898425652047,1.45,1.0624752044677734,0.0531237602233886
Bail,XGBoost,std,20,FT,1.0,0.654260629570443,0.4986936609506111,1.2,0.2151641845703125,0.0107582092285156
Bail,XGBoost,std,20,OAE,1.0,0.3445278821396563,0.4988168837665695,1.55,933.6942811012268,46.68471405506134
Bail,XGBoost,std,20,FOCUS (0.001),1.0,6.864348406344652,0.6002362124699514,9.3,238.33304810523987,11.916652405261994
Bail,XGBoost,std,20,FOCUS (0.01),1.0,5.152189006656409,0.5748196290832791,7.25,237.4603409767151,11.873017048835754
Bail,XGBoost,std,20,FOCUS (0.1),1.0,2.2297141728922725,0.5163616600753052,3.75,238.04108810424805,11.902054405212402
Bail,XGBoost,std,20,FT++,1.0,0.6498241916069902,0.4960327019247572,1.2,1.2009198665618896,0.0600459933280944
Bail,XGBoost,std,20,FT,1.0,0.7213089142907381,0.5059061043269739,1.1,0.2127490043640136,0.0106374502182006
Bail,XGBoost,std,20,OAE,1.0,0.3064846645067454,0.5005981759733724,1.7000000000000002,608.1573929786682,30.40786964893341
Bail,XGBoost,std,20,FOCUS (0.001),1.0,5.680372723564505,0.6078152290577262,8.35,231.163067817688,11.5581533908844
Bail,XGBoost,std,20,FOCUS (0.01),1.0,4.365847375802696,0.5738176538156995,6.5,230.6946108341217,11.534730541706086
Bail,XGBoost,std,20,FOCUS (0.1),1.0,1.886170513741672,0.5247624967896043,3.1,230.26007413864136,11.513003706932068
Bail,XGBoost,std,20,FT++,1.0,0.7133262875664059,0.5033665952767457,1.15,1.1131799221038818,0.055658996105194
FICO,RandomForest,std,20,FT,1.0,1.9329019691939089,0.46448793999852767,1.7500000000000002,0.25488996505737305,0.012744498252868653
FICO,RandomForest,std,20,OAE,0.75,12.596743742496786,0.4561225543275981,11.133333333333331,3548.853049993515,177.44265249967575
FICO,RandomForest,std,20,FOCUS (0.001),0.8,11.363862327300012,0.46510811796398077,15.5625,378.43847918510437,18.921923959255217
FICO,RandomForest,std,20,FOCUS (0.01),0.75,4.946089551597834,0.4651906667487437,9.666666666666668,371.1911702156067,18.559558510780334
FICO,RandomForest,std,20,FOCUS (0.1),0.5,1.3949259139597416,0.44151356497159633,3.4000000000000004,378.82416796684265,18.941208398342134
FICO,RandomForest,std,20,FT++,1.0,1.7633389238744823,0.4664270531930046,1.85,3.6341638565063477,0.1817081928253174
FICO,RandomForest,std,20,FT,1.0,2.570661328289847,0.4478812040844208,2.0999999999999996,0.3372969627380371,0.016864848136901856
FICO,RandomForest,std,20,OAE,0.05,9.82656784178375,0.44811367599993,6.0,3828.2865221500397,191.41432610750198
FICO,RandomForest,std,20,FOCUS (0.001),0.75,12.977793968593081,0.46413803037278156,16.26666666666667,369.85675287246704,18.492837643623353
FICO,RandomForest,std,20,FOCUS (0.01),0.65,5.735892400718653,0.4289659308540493,10.153846153846155,381.94295024871826,19.097147512435914
FICO,RandomForest,std,20,FOCUS (0.1),0.3,1.0095796836540103,0.43949166616957375,2.1666666666666665,391.1714050769806,19.55857025384903
FICO,RandomForest,std,20,FT++,1.0,2.516207111075207,0.4389356505182582,2.25,3.6570329666137695,0.18285164833068848
FICO,RandomForest,std,20,FT,1.0,1.6682720518272354,0.44757630531131276,1.9500000000000002,0.310546875,0.01552734375
FICO,RandomForest,std,20,OAE,0.5,15.579267709841591,0.50463478116187,10.7,3828.588129043579,191.42940645217897
FICO,RandomForest,std,20,FOCUS (0.001),0.9,11.090812356521687,0.4527177415289464,14.500000000000002,372.1326050758362,18.60663025379181
FICO,RandomForest,std,20,FOCUS (0.01),0.8,5.257507675210945,0.44949604916567987,9.1875,373.047767162323,18.65238835811615
FICO,RandomForest,std,20,FOCUS (0.1),0.45,1.0311732905813389,0.448301222888935,3.111111111111111,363.94196796417236,18.197098398208617
FICO,RandomForest,std,20,FT++,1.0,1.6002663399378616,0.4472167376137938,2.0,3.7262659072875977,0.18631329536437988
FICO,RandomForest,std,20,FT,1.0,2.0379029624220797,0.4673621649874845,2.0,0.30051517486572266,0.015025758743286132
FICO,RandomForest,std,20,OAE,0.3,26.871850755914668,0.5949496353334672,13.500000000000004,3834.9236328601837,191.74618164300918
FICO,RandomForest,std,20,FOCUS (0.001),0.8,9.941240431042388,0.4636670648412613,14.5625,369.6251618862152,18.48125809431076
FICO,RandomForest,std,20,FOCUS (0.01),0.8,4.995222816476598,0.4547124968008609,9.625,362.66021823883057,18.13301091194153
FICO,RandomForest,std,20,FOCUS (0.1),0.45,1.6502631246629689,0.4573216561070036,3.777777777777778,362.9661319255829,18.148306596279145
FICO,RandomForest,std,20,FT++,1.0,1.9593237579758604,0.47142204291889467,2.2,3.6689610481262207,0.18344805240631104
FICO,RandomForest,std,20,FT,1.0,3.4010181552422694,0.45665598278862934,2.6500000000000004,0.3087921142578125,0.015439605712890625
FICO,RandomForest,std,20,OAE,0.6,16.134230969019008,0.5153507507287989,10.75,3833.9653267860413,191.69826633930205
FICO,RandomForest,std,20,FOCUS (0.001),0.6,10.069590625508377,0.46691775278753683,14.583333333333334,401.4903769493103,20.074518847465516
FICO,RandomForest,std,20,FOCUS (0.01),0.6,5.033703617130716,0.44837516184271076,9.999999999999998,406.1319570541382,20.306597852706908
FICO,RandomForest,std,20,FOCUS (0.1),0.3,1.5265447857479255,0.4258804231236342,2.8333333333333335,405.61500120162964,20.28075006008148
FICO,RandomForest,std,20,FT++,1.0,3.142810211921128,0.45901573430246484,3.0499999999999994,3.7900390625,0.189501953125
Credit,RandomForest,std,20,FT,1.0,1.169978046115212,0.4782752040591459,1.2000000000000002,0.35796618461608887,0.017898309230804443
Credit,RandomForest,std,20,OAE,1.0,3.7488622654092416,0.5363277302754185,5.55,3827.0242331027985,191.35121165513993
Credit,RandomForest,std,20,FOCUS (0.001),1.0,11.352636000694474,0.5162338759602392,8.55,379.1499512195587,18.957497560977934
Credit,RandomForest,std,20,FOCUS (0.01),1.0,6.5178012445743665,0.4574070345210018,6.050000000000001,379.1590802669525,18.957954013347624
Credit,RandomForest,std,20,FOCUS (0.1),0.35,1.4391844953643158,0.4573675343222782,2.142857142857143,372.0144832134247,18.600724160671234
Credit,RandomForest,std,20,FT++,1.0,1.168300501525853,0.48694635054696195,1.3000000000000003,2.8611929416656494,0.14305964708328248
Credit,RandomForest,std,20,FT,1.0,1.008409680319632,0.4882469617116071,1.15,0.3339982032775879,0.016699910163879395
Credit,RandomForest,std,20,OAE,1.0,2.0788211758151345,0.522839335669239,4.05,3777.0259399414062,188.8512969970703
Credit,RandomForest,std,20,FOCUS (0.001),1.0,12.61066528581723,0.5241825329623208,8.45,364.06516098976135,18.203258049488067
Credit,RandomForest,std,20,FOCUS (0.01),1.0,7.130060555871751,0.4448170330714583,5.800000000000001,369.64061999320984,18.48203099966049
Credit,RandomForest,std,20,FOCUS (0.1),0.35,1.354788552757652,0.46978634887658427,1.7142857142857142,369.5351598262787,18.476757991313935
Credit,RandomForest,std,20,FT++,1.0,1.008409680319632,0.49822880332588604,1.15,2.681967258453369,0.13409836292266847
Credit,RandomForest,std,20,FT,1.0,1.2165872321381679,0.5001247128788145,1.35,0.34035325050354004,0.017017662525177002
Credit,RandomForest,std,20,OAE,1.0,3.59352760410668,0.5383946447974914,4.699999999999999,3736.153561115265,186.80767805576323
Credit,RandomForest,std,20,FOCUS (0.001),1.0,11.578999453384313,0.5105666735277461,8.6,370.1445369720459,18.507226848602294
Credit,RandomForest,std,20,FOCUS (0.01),1.0,6.7358223182643995,0.4665817779970246,6.3500000000000005,370.1457989215851,18.507289946079254
Credit,RandomForest,std,20,FOCUS (0.1),0.35,1.2170089018348205,0.4781689299102731,1.8571428571428572,372.10414695739746,18.60520734786987
Credit,RandomForest,std,20,FT++,1.0,1.2135689118149775,0.5105273898028966,1.5499999999999998,2.727626085281372,0.1363813042640686
Credit,RandomForest,std,20,FT,1.0,1.2514851237581373,0.4797562692913611,1.05,0.3234701156616211,0.016173505783081056
Credit,RandomForest,std,20,OAE,1.0,3.4867363578349533,0.523365848279105,4.65,3678.491798877716,183.9245899438858
Credit,RandomForest,std,20,FOCUS (0.001),1.0,12.651188842504052,0.5147008736714886,8.2,370.5192000865936,18.525960004329683
Credit,RandomForest,std,20,FOCUS (0.01),1.0,6.6019344213185835,0.43882413874996873,5.5,370.75162291526794,18.537581145763397
Credit,RandomForest,std,20,FOCUS (0.1),0.25,1.8600618577562273,0.4723788530618148,1.4,371.5896408557892,18.579482042789458
Credit,RandomForest,std,20,FT++,1.0,1.2514851237581373,0.47550763698186305,1.05,2.5552871227264404,0.12776435613632203
Credit,RandomForest,std,20,FT,1.0,0.9309887227982451,0.4755675970688363,1.35,0.3303861618041992,0.01651930809020996
Credit,RandomForest,std,20,OAE,1.0,3.6839921912935862,0.5216552015076873,4.95,3774.897756099701,188.74488780498504
Credit,RandomForest,std,20,FOCUS (0.001),1.0,11.186015549924923,0.4870757668835061,8.0,374.4778950214386,18.72389475107193
Credit,RandomForest,std,20,FOCUS (0.01),1.0,6.374941956163093,0.42788312778181076,5.95,374.3196110725403,18.715980553627013
Credit,RandomForest,std,20,FOCUS (0.1),0.55,1.5908252359420822,0.44745239757531485,1.2727272727272727,373.3863859176636,18.669319295883177
Credit,RandomForest,std,20,FT++,1.0,0.9125863583007027,0.4737441619625188,1.4500000000000002,2.713275194168091,0.13566375970840455
German,RandomForest,std,20,FT,1.0,0.6998356972307682,0.5474609147259732,1.1,0.2915611267089844,0.01457805633544922
German,RandomForest,std,20,OAE,1.0,0.7673642864884982,0.5397288376132836,1.6500000000000001,1658.8772432804108,82.94386216402054
German,RandomForest,std,20,FOCUS (0.001),1.0,7.1257507988702855,0.5913305449831674,6.1000000000000005,242.61570501327515,12.130785250663758
German,RandomForest,std,20,FOCUS (0.01),1.0,3.9752789486054096,0.5568236232506293,4.35,241.70506501197815,12.085253250598907
German,RandomForest,std,20,FOCUS (0.1),0.35,0.5320852570626552,0.48971767962407436,1.7142857142857142,241.74447178840637,12.087223589420319
German,RandomForest,std,20,FT++,1.0,0.6998356972307682,0.5433127406152167,1.1,1.6101047992706299,0.0805052399635315
German,RandomForest,std,20,FT,1.0,0.6071266569523646,0.5146530181706684,1.0,0.291820764541626,0.014591038227081299
German,RandomForest,std,20,OAE,1.0,0.4912760870293921,0.5132312632053694,1.15,1159.2403972148895,57.962019860744476
German,RandomForest,std,20,FOCUS (0.001),1.0,6.0346594665796145,0.53885514860983,6.85,246.4122953414917,12.320614767074584
German,RandomForest,std,20,FOCUS (0.01),1.0,3.5498901416038278,0.4914475013216201,4.25,246.68532514572144,12.334266257286071
German,RandomForest,std,20,FOCUS (0.1),0.35,0.5358681861710336,0.48777295636534507,1.5714285714285714,246.25757598876953,12.312878799438476
German,RandomForest,std,20,FT++,1.0,0.6071266569523646,0.5147441976833246,1.0,1.643603801727295,0.08218019008636475
German,RandomForest,std,20,FT,1.0,0.5647086495393674,0.5214633779929527,1.0,0.2655339241027832,0.01327669620513916
German,RandomForest,std,20,OAE,1.0,0.5295407114488535,0.5294341781827245,1.75,1138.6008739471436,56.93004369735718
German,RandomForest,std,20,FOCUS (0.001),1.0,6.20619557241007,0.5608711027773374,6.3999999999999995,250.7660357952118,12.53830178976059
German,RandomForest,std,20,FOCUS (0.01),1.0,2.941176003657165,0.5251881542234794,3.9499999999999997,250.68217587471008,12.534108793735504
German,RandomForest,std,20,FOCUS (0.1),0.5,0.5436217987036798,0.49934350464261373,1.7000000000000002,250.88945293426514,12.544472646713256
German,RandomForest,std,20,FT++,1.0,0.5352334344867179,0.5249471741495454,1.1500000000000001,1.6788318157196045,0.08394159078598022
German,RandomForest,std,20,FT,1.0,0.8640648600460054,0.5539501888152463,1.2,0.3169219493865967,0.015846097469329835
German,RandomForest,std,20,OAE,1.0,0.7437810446472596,0.5564884359330737,1.45,1131.4135401248932,56.57067700624466
German,RandomForest,std,20,FOCUS (0.001),1.0,6.984245636283594,0.5919490991071052,6.1499999999999995,248.79430294036865,12.439715147018433
German,RandomForest,std,20,FOCUS (0.01),1.0,3.3667027117364343,0.5498791543359653,4.1,249.32332181930542,12.46616609096527
German,RandomForest,std,20,FOCUS (0.1),0.35,0.5507740558283071,0.5156206217113343,1.2857142857142856,249.28990197181702,12.46449509859085
German,RandomForest,std,20,FT++,1.0,0.8524979074113457,0.5575251169810196,1.25,1.6742751598358154,0.08371375799179077
German,RandomForest,std,20,FT,1.0,0.5793287724634321,0.5465923356574571,1.0,0.2828559875488281,0.014142799377441406
German,RandomForest,std,20,OAE,1.0,0.36960197834079056,0.5453991111972327,1.45,998.4465589523315,49.92232794761658
German,RandomForest,std,20,FOCUS (0.001),1.0,6.107639489360736,0.5752683829174995,6.05,234.6007170677185,11.730035853385925
German,RandomForest,std,20,FOCUS (0.01),1.0,3.4242183818510967,0.5484367445931952,4.15,234.3047432899475,11.715237164497376
German,RandomForest,std,20,FOCUS (0.1),0.4,0.7255856700285221,0.5405380071828598,1.5,234.12403988838196,11.706201994419098
German,RandomForest,std,20,FT++,1.0,0.5376551848345965,0.5413986569628291,1.15,1.636559247970581,0.08182796239852905
COMPAS,RandomForest,std,20,FT,1.0,1.2917606360237355,0.41510217718851344,1.3,0.48250699043273926,0.024125349521636964
COMPAS,RandomForest,std,20,OAE,1.0,1.223331946461935,0.4172082924509984,1.5,383.5364851951599,19.176824259757996
COMPAS,RandomForest,std,20,FOCUS (0.001),1.0,4.234487739205361,0.4259331765243525,4.0,308.22164368629456,15.411082184314727
COMPAS,RandomForest,std,20,FOCUS (0.01),1.0,3.668431869149208,0.41228532900850523,3.2,307.2735810279846,15.363679051399231
COMPAS,RandomForest,std,20,FOCUS (0.1),0.6,1.1866036914288998,0.41697252181067773,1.9166666666666665,307.79358196258545,15.389679098129273
COMPAS,RandomForest,std,20,FT++,1.0,1.2875349922410104,0.4204421180846644,1.3,3.137169122695923,0.15685845613479615
COMPAS,RandomForest,std,20,FT,1.0,1.0634612713129443,0.43842585781528454,1.3000000000000003,0.45872998237609863,0.02293649911880493
COMPAS,RandomForest,std,20,OAE,1.0,0.9500887601296331,0.4345227555991447,1.75,298.8441171646118,14.94220585823059
COMPAS,RandomForest,std,20,FOCUS (0.001),0.9,3.472114853974846,0.4229348086293394,3.3888888888888884,314.55341815948486,15.727670907974243
COMPAS,RandomForest,std,20,FOCUS (0.01),0.9,3.379320674472385,0.4232008989640639,3.2777777777777777,314.43285393714905,15.721642696857453
COMPAS,RandomForest,std,20,FOCUS (0.1),0.65,1.061516339962299,0.4187695673235971,1.4615384615384617,313.5646550655365,15.678232753276825
COMPAS,RandomForest,std,20,FT++,1.0,1.0431623646338843,0.4319601584994154,1.35,3.245457887649536,0.1622728943824768
COMPAS,RandomForest,std,20,FT,1.0,1.3669036765478642,0.4444020572757338,1.25,0.4872140884399414,0.02436070442199707
COMPAS,RandomForest,std,20,OAE,1.0,1.2978874273054537,0.44522710828836304,1.35,307.47159600257874,15.373579800128937
COMPAS,RandomForest,std,20,FOCUS (0.001),0.85,3.8533636270200504,0.4398730645171743,4.235294117647059,314.5377049446106,15.72688524723053
COMPAS,RandomForest,std,20,FOCUS (0.01),0.85,3.6905597071437275,0.43739258031219075,4.176470588235294,314.90921783447266,15.745460891723633
COMPAS,RandomForest,std,20,FOCUS (0.1),0.6,1.2446012118210394,0.41046216091981685,1.6666666666666665,314.4933090209961,15.724665451049805
COMPAS,RandomForest,std,20,FT++,1.0,1.3375176448577826,0.4417957242491225,1.25,3.248622179031372,0.1624311089515686
COMPAS,RandomForest,std,20,FT,1.0,0.9483521670762928,0.4549825002406222,1.3,0.4919431209564209,0.024597156047821044
COMPAS,RandomForest,std,20,OAE,1.0,0.8573900409330886,0.45154831984853344,1.5499999999999998,273.680223941803,13.684011197090149
COMPAS,RandomForest,std,20,FOCUS (0.001),1.0,5.293503819406032,0.45586041864803245,4.2,306.4507179260254,15.32253589630127
COMPAS,RandomForest,std,20,FOCUS (0.01),1.0,3.411537712812424,0.4531826703762742,3.55,306.7104971408844,15.33552485704422
COMPAS,RandomForest,std,20,FOCUS (0.1),0.65,1.224200033224546,0.4258523346891049,1.8461538461538463,305.90617084503174,15.295308542251586
COMPAS,RandomForest,std,20,FT++,1.0,0.9449535170588993,0.4553381546247535,1.3,3.3796679973602295,0.16898339986801147
COMPAS,RandomForest,std,20,FT,1.0,1.4440258155738026,0.4441194174466344,1.25,0.4580261707305908,0.02290130853652954
COMPAS,RandomForest,std,20,OAE,1.0,1.3514061865506946,0.44786168252304953,1.45,348.76080083847046,17.43804004192352
COMPAS,RandomForest,std,20,FOCUS (0.001),0.95,4.6044669186598375,0.4327270789903287,4.0,318.341197013855,15.917059850692748
COMPAS,RandomForest,std,20,FOCUS (0.01),0.9,4.081689316365454,0.44237331666987145,3.8333333333333335,318.30691409111023,15.915345704555511
COMPAS,RandomForest,std,20,FOCUS (0.1),0.6,0.9970980683962504,0.41889491960015457,1.8333333333333335,318.2556269168854,15.91278134584427
COMPAS,RandomForest,std,20,FT++,1.0,1.4279758971951222,0.4458363312605593,1.3,3.4168808460235596,0.17084404230117797
Bail,RandomForest,std,20,FT,1.0,1.2956814394694312,0.4904249194070303,1.45,0.32794809341430664,0.01639740467071533
Bail,RandomForest,std,20,OAE,1.0,1.3247524240606907,0.49095142502750305,2.3,1719.4629938602448,85.97314969301223
Bail,RandomForest,std,20,FOCUS (0.001),1.0,8.52713084500283,0.6014165221983865,9.25,343.76118993759155,17.18805949687958
Bail,RandomForest,std,20,FOCUS (0.01),1.0,5.825316629931331,0.5653019589836776,6.1,343.34982323646545,17.16749116182327
Bail,RandomForest,std,20,FOCUS (0.1),0.65,1.6319272804718752,0.48883385770318405,2.3076923076923075,343.72481203079224,17.186240601539613
Bail,RandomForest,std,20,FT++,1.0,1.2840363556685384,0.4874656258138631,1.6,2.27233624458313,0.1136168122291565
Bail,RandomForest,std,20,FT,1.0,1.0934685690579997,0.4921707819404907,1.5,0.307340145111084,0.0153670072555542
Bail,RandomForest,std,20,OAE,1.0,1.045703275391725,0.4956240878020684,2.0500000000000003,2045.9100279808044,102.29550139904022
Bail,RandomForest,std,20,FOCUS (0.001),1.0,8.014115606248378,0.5939928318259052,8.75,349.3420660495758,17.46710330247879
Bail,RandomForest,std,20,FOCUS (0.01),1.0,5.713626045361162,0.5926133508481237,6.449999999999999,349.58075308799744,17.47903765439987
Bail,RandomForest,std,20,FOCUS (0.1),0.75,1.8208699117104212,0.5030934616621153,3.1333333333333337,350.061429977417,17.50307149887085
Bail,RandomForest,std,20,FT++,1.0,1.0554809237950973,0.49804475479869126,1.5,2.250960111618042,0.1125480055809021
Bail,RandomForest,std,20,FT,1.0,1.3320643511940546,0.5144224459375254,1.55,0.34485292434692383,0.01724264621734619
Bail,RandomForest,std,20,OAE,1.0,1.3403752627435088,0.5149521865654538,2.2,1720.641065120697,86.03205325603486
Bail,RandomForest,std,20,FOCUS (0.001),1.0,8.41145717203617,0.614933887201727,9.0,349.78251791000366,17.489125895500184
Bail,RandomForest,std,20,FOCUS (0.01),1.0,6.044930721819401,0.5838218264502404,6.65,350.8124017715454,17.54062008857727
Bail,RandomForest,std,20,FOCUS (0.1),0.65,1.370060539016357,0.5169389257772935,2.4615384615384617,350.5347909927368,17.52673954963684
Bail,RandomForest,std,20,FT++,1.0,1.321779939010922,0.508058005511632,1.55,2.5979909896850586,0.12989954948425292
Bail,RandomForest,std,20,FT,1.0,1.3602119550740512,0.5015056047883172,1.6,0.3362770080566406,0.01681385040283203
Bail,RandomForest,std,20,OAE,1.0,1.6093021139441184,0.5115015355757635,2.7,2171.4945197105408,108.57472598552704
Bail,RandomForest,std,20,FOCUS (0.001),1.0,8.708892811089754,0.6199119435511737,10.0,336.01840591430664,16.800920295715333
Bail,RandomForest,std,20,FOCUS (0.01),1.0,6.006017254292965,0.5762053753028946,6.75,341.3668441772461,17.068342208862305
Bail,RandomForest,std,20,FOCUS (0.1),0.75,1.7326140289505323,0.5083694725611855,3.0,355.8978588581085,17.794892942905427
Bail,RandomForest,std,20,FT++,1.0,1.3583486341584854,0.5067889614813665,1.65,2.3139169216156006,0.11569584608078003
Bail,RandomForest,std,20,FT,1.0,1.5344247668122215,0.49371481277774165,1.65,0.332963228225708,0.0166481614112854
Bail,RandomForest,std,20,OAE,1.0,1.4508086525563357,0.4914091816182989,2.5,1758.6120290756226,87.93060145378112
Bail,RandomForest,std,20,FOCUS (0.001),1.0,9.274035188555718,0.6085024423767376,9.7,337.49765396118164,16.874882698059082
Bail,RandomForest,std,20,FOCUS (0.01),1.0,5.676962729170919,0.5584834647227174,5.8,379.65482997894287,18.982741498947142
Bail,RandomForest,std,20,FOCUS (0.1),0.75,1.4858883296449978,0.48064216057710596,2.333333333333333,379.2935791015625,18.964678955078124
Bail,RandomForest,std,20,FT++,1.0,1.5085166741785891,0.4977650996033683,1.8,2.588310956954956,0.1294155478477478
